filepath,label,source
D:\Dakksh Projects\Minor-II project\Data\processed\MRI\remind\remind_ReMIND-081_1.npy,1,remind
D:\Dakksh Projects\Minor-II project\Data\processed\MRI\remind\remind_ReMIND-005_2.npy,2,remind
D:\Dakksh Projects\Minor-II project\Data\processed\MRI\remind\remind_ReMIND-041_1.npy,1,remind
D:\Dakksh Projects\Minor-II project\Data\processed\MRI\remind\remind_ReMIND-070_0.npy,0,remind
D:\Dakksh Projects\Minor-II project\Data\processed\MRI\remind\remind_ReMIND-011_0.npy,0,remind
D:\Dakksh Projects\Minor-II project\Data\processed\MRI\remind\remind_ReMIND-046_0.npy,0,remind
D:\Dakksh Projects\Minor-II project\Data\processed\MRI\remind\remind_ReMIND-071_0.npy,0,remind
D:\Dakksh Projects\Minor-II project\Data\processed\MRI\remind\remind_ReMIND-067_0.npy,0,remind
D:\Dakksh Projects\Minor-II project\Data\processed\MRI\remind\remind_ReMIND-048_1.npy,1,remind
D:\Dakksh Projects\Minor-II project\Data\processed\MRI\remind\remind_ReMIND-012_0.npy,0,remind
D:\Dakksh Projects\Minor-II project\Data\processed\MRI\remind\remind_ReMIND-099_0.npy,0,remind
D:\Dakksh Projects\Minor-II project\Data\processed\MRI\remind\remind_ReMIND-037_0.npy,0,remind
D:\Dakksh Projects\Minor-II project\Data\processed\MRI\remind\remind_ReMIND-084_0.npy,0,remind
D:\Dakksh Projects\Minor-II project\Data\processed\MRI\remind\remind_ReMIND-113_0.npy,0,remind
D:\Dakksh Projects\Minor-II project\Data\processed\MRI\remind\remind_ReMIND-019_0.npy,0,remind
D:\Dakksh Projects\Minor-II project\Data\processed\MRI\remind\remind_ReMIND-001_0.npy,0,remind
D:\Dakksh Projects\Minor-II project\Data\processed\MRI\remind\remind_ReMIND-073_0.npy,0,remind
D:\Dakksh Projects\Minor-II project\Data\processed\MRI\remind\remind_ReMIND-027_0.npy,0,remind
D:\Dakksh Projects\Minor-II project\Data\processed\MRI\remind\remind_ReMIND-082_0.npy,0,remind
D:\Dakksh Projects\Minor-II project\Data\processed\MRI\remind\remind_ReMIND-054_0.npy,0,remind
D:\Dakksh Projects\Minor-II project\Data\processed\MRI\remind\remind_ReMIND-104_0.npy,0,remind
D:\Dakksh Projects\Minor-II project\Data\processed\MRI\remind\remind_ReMIND-092_0.npy,0,remind
D:\Dakksh Projects\Minor-II project\Data\processed\MRI\remind\remind_ReMIND-013_0.npy,0,remind
D:\Dakksh Projects\Minor-II project\Data\processed\MRI\remind\remind_ReMIND-032_0.npy,0,remind
D:\Dakksh Projects\Minor-II project\Data\processed\MRI\remind\remind_ReMIND-068_0.npy,0,remind
D:\Dakksh Projects\Minor-II project\Data\processed\MRI\remind\remind_ReMIND-112_0.npy,0,remind
D:\Dakksh Projects\Minor-II project\Data\processed\MRI\remind\remind_ReMIND-109_1.npy,1,remind
D:\Dakksh Projects\Minor-II project\Data\processed\MRI\remind\remind_ReMIND-023_1.npy,1,remind
D:\Dakksh Projects\Minor-II project\Data\processed\MRI\remind\remind_ReMIND-045_0.npy,0,remind
D:\Dakksh Projects\Minor-II project\Data\processed\MRI\remind\remind_ReMIND-108_0.npy,0,remind
D:\Dakksh Projects\Minor-II project\Data\processed\MRI\remind\remind_ReMIND-079_0.npy,0,remind
D:\Dakksh Projects\Minor-II project\Data\processed\MRI\remind\remind_ReMIND-016_1.npy,1,remind
D:\Dakksh Projects\Minor-II project\Data\processed\MRI\remind\remind_ReMIND-031_0.npy,0,remind
D:\Dakksh Projects\Minor-II project\Data\processed\MRI\remind\remind_ReMIND-105_0.npy,0,remind
D:\Dakksh Projects\Minor-II project\Data\processed\MRI\remind\remind_ReMIND-010_1.npy,1,remind
D:\Dakksh Projects\Minor-II project\Data\processed\MRI\remind\remind_ReMIND-034_0.npy,0,remind
D:\Dakksh Projects\Minor-II project\Data\processed\MRI\remind\remind_ReMIND-063_0.npy,0,remind
D:\Dakksh Projects\Minor-II project\Data\processed\MRI\remind\remind_ReMIND-066_0.npy,0,remind
D:\Dakksh Projects\Minor-II project\Data\processed\MRI\remind\remind_ReMIND-029_0.npy,0,remind
D:\Dakksh Projects\Minor-II project\Data\processed\MRI\remind\remind_ReMIND-043_0.npy,0,remind
D:\Dakksh Projects\Minor-II project\Data\processed\MRI\remind\remind_ReMIND-006_1.npy,1,remind
D:\Dakksh Projects\Minor-II project\Data\processed\MRI\remind\remind_ReMIND-056_1.npy,1,remind
D:\Dakksh Projects\Minor-II project\Data\processed\MRI\remind\remind_ReMIND-065_0.npy,0,remind
D:\Dakksh Projects\Minor-II project\Data\processed\MRI\remind\remind_ReMIND-040_1.npy,1,remind
D:\Dakksh Projects\Minor-II project\Data\processed\MRI\remind\remind_ReMIND-036_0.npy,0,remind
D:\Dakksh Projects\Minor-II project\Data\processed\MRI\remind\remind_ReMIND-017_0.npy,0,remind
D:\Dakksh Projects\Minor-II project\Data\processed\MRI\remind\remind_ReMIND-102_1.npy,1,remind
D:\Dakksh Projects\Minor-II project\Data\processed\MRI\remind\remind_ReMIND-035_4.npy,4,remind
D:\Dakksh Projects\Minor-II project\Data\processed\MRI\remind\remind_ReMIND-057_1.npy,1,remind
D:\Dakksh Projects\Minor-II project\Data\processed\MRI\remind\remind_ReMIND-008_0.npy,0,remind
D:\Dakksh Projects\Minor-II project\Data\processed\MRI\remind\remind_ReMIND-044_0.npy,0,remind
D:\Dakksh Projects\Minor-II project\Data\processed\MRI\remind\remind_ReMIND-069_0.npy,0,remind
D:\Dakksh Projects\Minor-II project\Data\processed\MRI\remind\remind_ReMIND-086_0.npy,0,remind
D:\Dakksh Projects\Minor-II project\Data\processed\MRI\remind\remind_ReMIND-028_0.npy,0,remind
D:\Dakksh Projects\Minor-II project\Data\processed\MRI\remind\remind_ReMIND-020_0.npy,0,remind
D:\Dakksh Projects\Minor-II project\Data\processed\MRI\remind\remind_ReMIND-091_0.npy,0,remind
D:\Dakksh Projects\Minor-II project\Data\processed\MRI\remind\remind_ReMIND-096_1.npy,1,remind
D:\Dakksh Projects\Minor-II project\Data\processed\MRI\remind\remind_ReMIND-026_1.npy,1,remind
D:\Dakksh Projects\Minor-II project\Data\processed\MRI\remind\remind_ReMIND-009_0.npy,0,remind
D:\Dakksh Projects\Minor-II project\Data\processed\MRI\remind\remind_ReMIND-085_1.npy,1,remind
D:\Dakksh Projects\Minor-II project\Data\processed\MRI\remind\remind_ReMIND-050_0.npy,0,remind
D:\Dakksh Projects\Minor-II project\Data\processed\MRI\remind\remind_ReMIND-014_0.npy,0,remind
D:\Dakksh Projects\Minor-II project\Data\processed\MRI\remind\remind_ReMIND-080_1.npy,1,remind
D:\Dakksh Projects\Minor-II project\Data\processed\MRI\remind\remind_ReMIND-025_0.npy,0,remind
D:\Dakksh Projects\Minor-II project\Data\processed\MRI\remind\remind_ReMIND-004_1.npy,1,remind
D:\Dakksh Projects\Minor-II project\Data\processed\MRI\remind\remind_ReMIND-018_1.npy,1,remind
D:\Dakksh Projects\Minor-II project\Data\processed\MRI\remind\remind_ReMIND-039_0.npy,0,remind
D:\Dakksh Projects\Minor-II project\Data\processed\MRI\remind\remind_ReMIND-094_0.npy,0,remind
D:\Dakksh Projects\Minor-II project\Data\processed\MRI\remind\remind_ReMIND-007_4.npy,4,remind
D:\Dakksh Projects\Minor-II project\Data\processed\MRI\remind\remind_ReMIND-074_0.npy,0,remind
D:\Dakksh Projects\Minor-II project\Data\processed\MRI\remind\remind_ReMIND-098_1.npy,1,remind
D:\Dakksh Projects\Minor-II project\Data\processed\MRI\remind\remind_ReMIND-090_4.npy,4,remind
D:\Dakksh Projects\Minor-II project\Data\processed\MRI\remind\remind_ReMIND-055_0.npy,0,remind
D:\Dakksh Projects\Minor-II project\Data\processed\MRI\remind\remind_ReMIND-051_1.npy,1,remind
D:\Dakksh Projects\Minor-II project\Data\processed\MRI\remind\remind_ReMIND-077_0.npy,0,remind
D:\Dakksh Projects\Minor-II project\Data\processed\MRI\remind\remind_ReMIND-047_1.npy,1,remind
D:\Dakksh Projects\Minor-II project\Data\processed\MRI\remind\remind_ReMIND-078_0.npy,0,remind
D:\Dakksh Projects\Minor-II project\Data\processed\MRI\remind\remind_ReMIND-062_0.npy,0,remind
D:\Dakksh Projects\Minor-II project\Data\processed\MRI\remind\remind_ReMIND-111_0.npy,0,remind
